{"categorical_accuracy": [0.00021925017063040286, 0.0004385003412608057, 0.0006577504682354629, 0.00021925017063040286, 0.0004385003412608057, 0.001096250838600099, 0.00021925017063040286, 0.0008770006825216115, 0.00021925017063040286, 0.001096250838600099, 0.0004385003412608057, 0.001096250838600099, 0.001096250838600099, 0.0013155009364709258, 0.0008770006825216115, 0.0006577504682354629, 0.0006577504682354629, 0.00021925017063040286, 0.0004385003412608057, 0.0006577504682354629, 0.0], "loss": [6.993561267852783, 6.98163366317749, 6.980159282684326, 6.978749752044678, 6.977048873901367, 6.975839138031006, 6.975270748138428, 6.974642753601074, 6.97357177734375, 6.970705032348633, 6.970996856689453, 6.970037460327148, 6.969793796539307, 6.969090938568115, 6.969326972961426, 6.969677925109863, 6.9682817459106445, 6.967041492462158, 6.967023849487305, 6.9668097496032715, 6.966249465942383], "val_categorical_accuracy": [0.0, 0.0, 0.0, 0.0, 0.0, 0.0, 0.0, 0.0, 0.0, 0.0, 0.0, 0.0, 0.0, 0.0, 0.0, 0.0, 0.0, 0.0, 0.0, 0.0, 0.0], "val_loss": [6.992245674133301, 7.000330924987793, 7.006714344024658, 7.017456531524658, 7.020035266876221, 7.0265092849731445, 7.032456874847412, 7.0385966300964355, 7.04439115524292, 7.05301570892334, 7.05063533782959, 7.0533952713012695, 7.059901714324951, 7.0643815994262695, 7.084799289703369, 7.069840431213379, 7.077123165130615, 7.078393936157227, 7.082878589630127, 7.088986396789551, 7.089319229125977], "learning_rate": [0.0010000000474974513, 0.0010000000474974513, 0.0010000000474974513, 0.0010000000474974513, 0.0010000000474974513, 0.0010000000474974513, 0.0010000000474974513, 0.0010000000474974513, 0.0010000000474974513, 0.0005000000237487257, 0.0005000000237487257, 0.0005000000237487257, 0.0005000000237487257, 0.0005000000237487257, 0.0005000000237487257, 0.0005000000237487257, 0.0005000000237487257, 0.0002500000118743628, 0.0002500000118743628, 0.0002500000118743628, 0.0002500000118743628]}