{"categorical_accuracy": [0.0, 0.0004385003412608057, 0.0008770006825216115, 0.0008770006825216115, 0.0004385003412608057, 0.0008770006825216115, 0.00021925017063040286, 0.00021925017063040286, 0.0004385003412608057, 0.0008770006825216115, 0.0004385003412608057, 0.0006577504682354629, 0.0008770006825216115, 0.0006577504682354629, 0.0006577504682354629, 0.001096250838600099, 0.0004385003412608057, 0.0015347511507570744, 0.0008770006825216115, 0.0008770006825216115, 0.001096250838600099, 0.0008770006825216115, 0.0006577504682354629, 0.0013155009364709258, 0.0015347511507570744, 0.0013155009364709258], "loss": [6.992920398712158, 6.980559825897217, 6.979619026184082, 6.9777936935424805, 6.975925922393799, 6.975660800933838, 6.973987579345703, 6.973669052124023, 6.972792625427246, 6.971722602844238, 6.970911026000977, 6.967655658721924, 6.967848300933838, 6.967016696929932, 6.966194152832031, 6.966803073883057, 6.96609354019165, 6.965763568878174, 6.966451168060303, 6.965005397796631, 6.965568542480469, 6.964676856994629, 6.964448928833008, 6.963894367218018, 6.963609218597412, 6.962069034576416], "val_categorical_accuracy": [0.0, 0.0, 0.0, 0.0, 0.0, 0.0, 0.0, 0.0, 0.0, 0.0, 0.0, 0.0, 0.0, 0.0, 0.0, 0.0, 0.0, 0.0, 0.0, 0.0, 0.0, 0.0, 0.0, 0.0, 0.0, 0.0], "val_loss": [6.9945597648620605, 7.005880832672119, 7.011698246002197, 7.026048183441162, 7.039994716644287, 7.038110733032227, 7.049649238586426, 7.053922653198242, 7.060772895812988, 7.065283298492432, 7.077489376068115, 7.091219425201416, 7.095098972320557, 7.107465744018555, 7.120847702026367, 7.1125593185424805, 7.119163513183594, 7.128210067749023, 7.126895904541016, 7.1335368156433105, 7.1220903396606445, 7.1352081298828125, 7.14104700088501, 7.14415979385376, 7.146485805511475, 7.157952308654785], "learning_rate": [0.0010000000474974513, 0.0010000000474974513, 0.0010000000474974513, 0.0010000000474974513, 0.0010000000474974513, 0.0010000000474974513, 0.0010000000474974513, 0.0010000000474974513, 0.0010000000474974513, 0.0010000000474974513, 0.0010000000474974513, 0.0005000000237487257, 0.0005000000237487257, 0.0005000000237487257, 0.0005000000237487257, 0.0005000000237487257, 0.0005000000237487257, 0.0005000000237487257, 0.0005000000237487257, 0.0005000000237487257, 0.0005000000237487257, 0.0002500000118743628, 0.0002500000118743628, 0.0002500000118743628, 0.0002500000118743628, 0.0002500000118743628]}